{
  "minecraft:recipes/decorations/crafting_table": {
    "criteria": {
      "unlock_right_away": "2024-09-10 14:40:45 -0700"
    },
    "done": true
  },
  "minecraft:adventure/adventuring_time": {
    "criteria": {
      "minecraft:forest": "2024-09-10 14:40:47 -0700",
      "minecraft:jungle": "2024-09-10 14:40:46 -0700"
    },
    "done": false
  },
  "minecraft:husbandry/root": {
    "criteria": {
      "consumed_item": "2024-09-10 14:41:48 -0700"
    },
    "done": true
  },
  "DataVersion": 3465
}